dateName,date
신정,2016-01-01
설날,2016-02-07
설날,2016-02-08
설날,2016-02-09
대체공휴일,2016-02-10
삼일절,2016-03-01
국회의원선거일,2016-04-13
어린이날,2016-05-05
석가탄신일,2016-05-14
현충일,2016-06-06
광복절,2016-08-15
추석,2016-09-14
추석,2016-09-15
추석,2016-09-16
개천절,2016-10-03
한글날,2016-10-09
기독탄신일,2016-12-25
신정,2017-01-01
설날,2017-01-27
설날,2017-01-28
설날,2017-01-29
대체공휴일,2017-01-30
삼일절,2017-03-01
석가탄신일,2017-05-03
어린이날,2017-05-05
대통령선거일,2017-05-09
현충일,2017-06-06
광복절,2017-08-15
임시공휴일,2017-10-02
개천절,2017-10-03
추석,2017-10-03
추석,2017-10-04
추석,2017-10-05
대체공휴일,2017-10-06
한글날,2017-10-09
기독탄신일,2017-12-25
1월1일,2018-01-01
설날,2018-02-15
설날,2018-02-16
설날,2018-02-17
삼일절,2018-03-01
어린이날,2018-05-05
대체휴무일,2018-05-07
부처님오신날,2018-05-22
현충일,2018-06-06
전국동시지방선거,2018-06-13
광복절,2018-08-15
추석,2018-09-23
추석,2018-09-24
추석,2018-09-25
대체휴무일,2018-09-26
개천절,2018-10-03
한글날,2018-10-09
기독탄신일,2018-12-25
